{"stats":{"minecraft:killed_by":{"minecraft:stray":1,"minecraft:creeper":2,"minecraft:zombie":1,"born_in_chaos_v1:door_knight":1,"minecraft:vex":3},"minecraft:mined":{"minecraft:dark_oak_leaves":6,"minecraft:dark_oak_log":13,"minecraft:grass_block":14,"minecraft:crimson_roots":1,"minecraft:moss_block":6,"born_in_chaos_v1:gnawed_bones":1,"minecraft:carrots":12,"minecraft:stripped_spruce_log":7,"minecraft:moss_carpet":1,"treechop:chopped_log":31,"minecraft:potatoes":2,"minecraft:dirt_path":1,"minecraft:stone":5,"minecraft:cherry_planks":3,"minecraft:torch":4,"minecraft:crafting_table":2,"minecraft:poppy":21,"minecraft:chest":1,"minecraft:sugar_cane":4,"minecraft:seagrass":2,"rpgsmw:mineral_ore":1,"minecraft:sweet_berry_bush":1,"minecraft:grass":5,"minecraft:dark_oak_sapling":5,"minecraft:gravel":4,"minecraft:sand":5,"minecraft:dirt":5,"minecraft:cobweb":43,"minecraft:oak_leaves":11},"minecraft:crafted":{"minecraft:black_dye":4,"minecraft:grindstone":1,"minecraft:wooden_sword":1,"rpgsmw:blue_fabric":22,"minecraft:smooth_stone":3,"minecraft:iron_nugget":9,"rpgsmw:red_fabric":9,"minecraft:furnace":1,"minecraft:blast_furnace":1,"rpgsmw:iron_ranger_ring":1,"minecraft:stone":6,"rpgsmw:blue_fabric_block":1,"minecraft:diamond":4,"minecraft:bow":4,"minecraft:leather":22,"magistuarmory:steel_ingot":71,"antiquelegacy:weathered_eagle_standard":1,"minecraft:chest":5,"rpgsmw:steel_ranger_ring":1,"minecraft:dark_oak_planks":6,"rpgsmw:steel_ranger_armor_leggings":1,"rpgsmw:fabric":4,"paraglider:paraglider":1,"minecraft:red_dye":20,"rpgsmw:steel_ranger_armor_boots":1,"minecraft:arrow":28,"minecraft:crafting_table":1,"minecraft:wooden_pickaxe":1,"rpgsmw:steel_ranger_armor_chestplate":1,"minecraft:baked_potato":80,"minecraft:red_wool":4,"minecraft:copper_ingot":56,"rpgsmw:bullet":664,"minecraft:bone":6,"minecraft:birch_planks":20,"born_in_chaos_v1:bone_heart":4,"minecraft:bread":1,"minecraft:air":0,"minecraft:blue_dye":11,"rpgsmw:iron_rifle":1,"rpgsmw:iron_ring":1,"rpgsmw:steel_rifle":1,"minecraft:book":1,"minecraft:white_wool":7,"minecraft:paper":3,"minecraft:charcoal":20,"minecraft:stick":20,"minecraft:stone_slab":6,"minecraft:iron_ingot":71,"minecraft:wooden_axe":2,"minecraft:stone_sword":3,"minecraft:blue_wool":11,"minecraft:white_bed":1,"rpgsmw:diamond_rifle":1,"minecraft:torch":8,"beansbackpacks:backpack":1,"minecraft:shears":1,"rpgsmw:steel_ranger_armor_helmet":1},"minecraft:killed":{"born_in_chaos_v1:zombie_clown":2,"minecraft:vex":2,"born_in_chaos_v1:zombie_lumberjack":3,"born_in_chaos_v1:restless_spirit":3,"born_in_chaos_v1:skeleton_demoman":1,"minecraft:spider":16,"born_in_chaos_v1:thornshell_crab":1,"born_in_chaos_v1:siamese_skeletonsright":2,"born_in_chaos_v1:zombie_bruiser":1,"born_in_chaos_v1:baby_skeleton_minion":2,"born_in_chaos_v1:maggot":13,"minecraft:phantom":3,"minecraft:skeleton":16,"minecraft:chicken":5,"born_in_chaos_v1:corpse_fish":6,"born_in_chaos_v1:siamese_skeletons":1,"born_in_chaos_v1:spiritof_chaos":1,"born_in_chaos_v1:bonescaller":1,"born_in_chaos_v1:bone_imp_minion":2,"born_in_chaos_v1:diamond_termite":34,"minecraft:zombie_villager":1,"born_in_chaos_v1:baby_skeleton":3,"minecraft:bat":2,"minecraft:wandering_trader":1,"minecraft:creeper":45,"minecraft:squid":2,"born_in_chaos_v1:decrepit_skeleton":26,"minecraft:sheep":2,"born_in_chaos_v1:bloody_gadfly":1,"born_in_chaos_v1:phantom_creeper_copy":4,"minecraft:trader_llama":2,"born_in_chaos_v1:decaying_zombie":4,"minecraft:zombie":59,"born_in_chaos_v1:dread_hound":10,"born_in_chaos_v1:dark_vortex":1,"minecraft:stray":1,"born_in_chaos_v1:door_knight":1,"born_in_chaos_v1:siamese_skeletonsleft":1,"minecraft:enderman":4,"minecraft:cow":2},"minecraft:custom":{"minecraft:interact_with_smithing_table":1,"minecraft:interact_with_anvil":3,"minecraft:mob_kills":299,"minecraft:animals_bred":2,"minecraft:interact_with_crafting_table":69,"minecraft:open_barrel":13,"minecraft:damage_dealt_resisted":2957,"minecraft:leave_game":4,"minecraft:time_since_death":175334,"minecraft:climb_one_cm":12,"minecraft:sprint_one_cm":383519,"minecraft:walk_one_cm":1668600,"minecraft:drop":55,"minecraft:play_time":417785,"minecraft:sneak_time":1343,"minecraft:deaths":8,"minecraft:walk_under_water_one_cm":86115,"minecraft:jump":2318,"minecraft:interact_with_brewingstand":2,"minecraft:interact_with_blast_furnace":27,"minecraft:walk_on_water_one_cm":201189,"minecraft:total_world_time":417785,"minecraft:interact_with_furnace":34,"minecraft:interact_with_grindstone":2,"minecraft:time_since_rest":175367,"minecraft:damage_taken":4726,"minecraft:damage_dealt":28385,"minecraft:swim_one_cm":21541,"minecraft:fly_one_cm":230013,"minecraft:player_kills":2,"minecraft:open_chest":356,"minecraft:crouch_one_cm":407,"minecraft:fish_caught":42,"minecraft:interact_with_smoker":21,"minecraft:fall_one_cm":27257,"minecraft:horse_one_cm":5695},"minecraft:picked_up":{"minecraft:fishing_rod":1,"born_in_chaos_v1:diamond_termite_shard":38,"minecraft:crafting_table":4,"minecraft:chicken":10,"born_in_chaos_v1:smoked_monster_flesh":2,"born_in_chaos_v1:seedof_chaos":1,"minecraft:lead":2,"minecraft:brown_mushroom":25,"minecraft:stone_slab":5,"minecraft:pink_wool":2,"minecraft:gold_block":1,"minecraft:enchanted_book":1,"beansbackpacks:backpack":1,"born_in_chaos_v1:bloody_gadfly_eye":2,"minecraft:chain":5,"irons_spellbooks:cast_time_ring":2,"minecraft:string":65,"minecraft:moss_carpet":1,"minecraft:iron_axe":2,"minecraft:iron_leggings":5,"born_in_chaos_v1:intoxicating_decoction":2,"minecraft:pufferfish":8,"minecraft:candle":2,"minecraft:cobbled_deepslate":2,"minecraft:dark_oak_leaves":1,"minecraft:beef":8,"born_in_chaos_v1:gnawed_bones":3,"minecraft:poppy":20,"minecraft:iron_pickaxe":1,"antiquelegacy:weathered_eagle_standard":2,"minecraft:sugar_cane":8,"minecraft:chest":1,"minecraft:birch_sapling":24,"minecraft:mangrove_log":1,"minecraft:egg":3,"minecraft:tipped_arrow":19,"minecraft:dark_oak_sapling":60,"minecraft:stick":73,"born_in_chaos_v1:shattered_skull":2,"born_in_chaos_v1:phantom_powder":8,"minecraft:torch":5,"paraglider:kakariko_goddess_statue":1,"minecraft:cherry_log":1,"born_in_chaos_v1:pieceofdarkmetal":4,"minecraft:carrot":50,"minecraft:golden_chestplate":2,"magistuarmory:steel_shortsword":15,"magistuarmory:iron_shortsword":2,"born_in_chaos_v1:damned_demomans_hat_helmet":4,"minecraft:stone_sword":6,"minecraft:arrow":112,"minecraft:rotten_flesh":124,"minecraft:tropical_fish":1,"born_in_chaos_v1:wood_splitter_axe":1,"rpgsmw:iron_rifle":2,"born_in_chaos_v1:spiny_shell":8,"minecraft:gold_ingot":5,"minecraft:glow_berries":2,"minecraft:mutton":6,"minecraft:cobblestone":100,"minecraft:cod":24,"minecraft:white_wool":1,"minecraft:nautilus_shell":1,"born_in_chaos_v1:fused_bone":4,"minecraft:birch_log":86,"born_in_chaos_v1:corpse_maggot":22,"born_in_chaos_v1:monster_flesh":27,"minecraft:feather":11,"minecraft:tripwire_hook":1,"minecraft:cherry_planks":3,"minecraft:glow_ink_sac":4,"born_in_chaos_v1:spiritual_dust":3,"minecraft:salmon":11,"minecraft:leather":11,"minecraft:red_mushroom":15,"rpgsmw:bullet":207,"minecraft:potato":8,"paraglider:spirit_orb":12,"minecraft:flint":1,"minecraft:oak_log":37,"minecraft:lily_pad":2,"minecraft:gunpowder":80,"minecraft:dirt":51,"skilltree:scholar_necklace":6,"minecraft:name_tag":1,"born_in_chaos_v1:monster_skin":7,"minecraft:cooked_mutton":16,"minecraft:bone":169,"minecraft:apple":9,"minecraft:bow":10,"minecraft:wheat_seeds":1,"minecraft:iron_ingot":35,"born_in_chaos_v1:smoked_flesh":109,"minecraft:moss_block":4,"minecraft:book":2,"irons_spellbooks:frozen_bone":40,"minecraft:cooked_porkchop":2,"minecraft:sweet_berries":34,"born_in_chaos_v1:ethereal_spirit":7,"minecraft:axolotl_bucket":4,"minecraft:gravel":4,"born_in_chaos_v1:dark_rod":3,"minecraft:sand":5,"minecraft:stripped_spruce_log":12,"minecraft:ink_sac":4,"minecraft:grass_block":6,"minecraft:spruce_log":7,"minecraft:spider_eye":3,"minecraft:dark_oak_log":399,"minecraft:slime_ball":1,"minecraft:stone_axe":1,"rpgsmw:rangal":1,"immersive_melodies:didgeridoo":1,"minecraft:bone_meal":1,"minecraft:bread":14,"born_in_chaos_v1:rotten_fish":14,"minecraft:baked_potato":1,"minecraft:oak_sapling":27,"skilltree:bone_quiver":2,"minecraft:crimson_roots":1,"minecraft:ender_pearl":5},"minecraft:dropped":{"minecraft:bread":11,"minecraft:baked_potato":1,"minecraft:ender_pearl":2,"minecraft:lead":1,"minecraft:apple":1,"minecraft:leather":20,"minecraft:tropical_fish":1,"minecraft:pufferfish":6,"minecraft:dark_oak_log":320,"magistuarmory:steel_ingot":6,"minecraft:iron_leggings":1,"minecraft:wooden_sword":1,"minecraft:axolotl_bucket":2,"minecraft:iron_pickaxe":1,"minecraft:string":4,"minecraft:bone":120,"minecraft:gravel":1,"minecraft:golden_chestplate":1,"minecraft:stone_sword":1,"minecraft:cobbled_deepslate":2,"minecraft:rotten_flesh":3,"magistuarmory:steel_shortsword":1,"skilltree:scholar_necklace":1,"minecraft:tipped_arrow":1,"minecraft:potato":4,"rpgsmw:bullet":1,"born_in_chaos_v1:corpse_maggot":1,"minecraft:arrow":72,"minecraft:bow":2,"irons_spellbooks:cast_time_ring":3},"minecraft:used":{"minecraft:moss_block":4,"minecraft:moss_carpet":1,"minecraft:stone_sword":274,"minecraft:chest":6,"magistuarmory:steel_shortsword":263,"minecraft:torch":12,"minecraft:dirt":46,"minecraft:carrot":3,"minecraft:stripped_spruce_log":12,"minecraft:wooden_axe":118,"born_in_chaos_v1:smoked_flesh":30,"rpgsmw:steel_ranger_armor_leggings":1,"minecraft:iron_axe":112,"minecraft:dark_oak_leaves":1,"minecraft:crimson_roots":1,"born_in_chaos_v1:gnawed_bones":2,"minecraft:bow":66,"minecraft:sweet_berries":21,"minecraft:potato":10,"beansbackpacks:backpack":1,"magistuarmory:iron_shortsword":130,"minecraft:cherry_log":1,"minecraft:iron_leggings":2,"minecraft:cooked_mutton":7,"minecraft:leather_leggings":1,"minecraft:baked_potato":14,"minecraft:wooden_pickaxe":5,"minecraft:cherry_planks":3,"minecraft:sugar_cane":8,"minecraft:sand":5,"minecraft:crafting_table":5,"minecraft:blast_furnace":1,"minecraft:white_bed":1,"minecraft:shears":1,"minecraft:spruce_log":2,"rpgsmw:iron_rifle":1,"minecraft:iron_pickaxe":1,"minecraft:bread":4,"born_in_chaos_v1:smoked_monster_flesh":2,"minecraft:gravel":3,"minecraft:stone_axe":67,"minecraft:fishing_rod":61,"minecraft:cobblestone":7,"minecraft:wooden_sword":30,"minecraft:grindstone":1,"minecraft:cooked_porkchop":1,"minecraft:chain":2,"minecraft:cobweb":43},"minecraft:broken":{"minecraft:stone_sword":2,"minecraft:wooden_axe":2}},"DataVersion":3465}