{"stats":{"minecraft:killed_by":{"minecraft:zombie":3,"minecraft:vex":4,"minecraft:player":2,"minecraft:spider":1},"minecraft:mined":{"epicpaladins:cryorium_ore":19,"minecraft:brewing_stand":1,"minecraft:granite":1,"minecraft:grass_block":5,"born_in_chaos_v1:dark_metal_deposit":7,"minecraft:spawner":25,"minecraft:tall_seagrass":1,"minecraft:weeping_vines_plant":1,"minecraft:iron_ore":195,"minecraft:barrel":8,"minecraft:moss_carpet":1,"minecraft:deepslate_lapis_ore":3,"minecraft:iron_block":2,"minecraft:deepslate_redstone_ore":24,"irons_spellbooks:alchemist_cauldron":38,"minecraft:soul_lantern":1,"born_in_chaos_v1:infected_deepslate_diamond_ore":2,"minecraft:clay":5,"minecraft:torch":4,"minecraft:chest":2,"minecraft:cobblestone":13,"minecraft:wall_torch":7,"minecraft:chain":12,"epicpaladins:deepslate_cryorium_ore":1,"paraglider:kakariko_goddess_statue":1,"minecraft:smooth_stone_slab":5,"minecraft:grass":3,"minecraft:sand":26,"minecraft:dirt":13,"epicpaladins:arclight_ore":8,"minecraft:deepslate":36,"minecraft:diamond_ore":1,"minecraft:tuff":4,"minecraft:deepslate_diamond_ore":6,"born_in_chaos_v1:infected_diamond_ore":16,"minecraft:moss_block":4,"minecraft:sandstone":11,"minecraft:redstone_ore":1,"minecraft:furnace":1,"minecraft:carrots":1,"minecraft:andesite":30,"minecraft:stripped_spruce_log":5,"treechop:chopped_log":4,"minecraft:big_dripleaf_stem":1,"minecraft:potatoes":2,"minecraft:deepslate_iron_ore":54,"irons_spellbooks:inscription_table":1,"minecraft:stone":221,"minecraft:flowering_azalea":1,"minecraft:cherry_planks":3,"epicpaladins:deepslate_bloodstone_ore":6,"minecraft:crafting_table":5,"born_in_chaos_v1:black_argillite_brick_n":1,"minecraft:tall_grass":3,"minecraft:copper_ore":30,"minecraft:deepslate_coal_ore":2,"minecraft:lapis_ore":11,"minecraft:deepslate_gold_ore":12,"minecraft:diorite":23,"rpgsmw:mineral_ore":5,"minecraft:birch_leaves":1,"minecraft:coal_ore":165,"minecraft:gravel":9,"minecraft:cobweb":9,"minecraft:mossy_stone_bricks":3,"minecraft:gold_ore":37},"minecraft:crafted":{"minecraft:oak_planks":120,"beansbackpacks:metal_backpack":1,"skilltree:assassin_necklace":1,"born_in_chaos_v1:dark_metal_ingot":2,"magistuarmory:steel_shortsword":3,"minecraft:chest":1,"born_in_chaos_v1:pileof_dark_metal":1,"minecraft:deepslate":2,"born_in_chaos_v1:smoked_fish":12,"immersive_melodies:didgeridoo":1,"minecraft:crafting_table":1,"minecraft:spruce_planks":4,"minecraft:wooden_pickaxe":1,"minecraft:baked_potato":0,"skilltree:gem":4,"skilltree:scholar_necklace":2,"minecraft:smithing_table":1,"minecraft:copper_ingot":31,"minecraft:charcoal":105,"minecraft:stick":76,"minecraft:iron_pickaxe":4,"born_in_chaos_v1:smoked_flesh":53,"minecraft:iron_ingot":67,"minecraft:stone_sword":6,"minecraft:gold_ingot":35,"born_in_chaos_v1:sharpened_dark_metal_sword":2,"minecraft:cherry_planks":4,"minecraft:iron_nugget":9,"minecraft:furnace":1,"born_in_chaos_v1:spiritual_sword":1,"minecraft:bone_meal":6,"rpgsmw:iron_greatsword":1,"born_in_chaos_v1:bone_handle":2,"born_in_chaos_v1:fried_maggot":22,"minecraft:stone_pickaxe":3,"skilltree:golden_ring":1,"minecraft:dark_oak_planks":12,"minecraft:coal_block":1,"minecraft:bucket":1,"minecraft:stone_axe":1,"minecraft:bread":3,"minecraft:air":0,"minecraft:gold_nugget":27,"minecraft:torch":252},"minecraft:killed":{"born_in_chaos_v1:lifestealer_true_form":1,"born_in_chaos_v1:zombie_clown":3,"minecraft:cave_spider":1,"born_in_chaos_v1:restless_spirit":3,"born_in_chaos_v1:zombie_lumberjack":5,"minecraft:spider":42,"born_in_chaos_v1:siamese_skeletonsright":1,"born_in_chaos_v1:baby_skeleton_minion":2,"minecraft:skeleton":29,"irons_spellbooks:summoned_skeleton":2,"born_in_chaos_v1:bonescaller":2,"minecraft:pig":2,"minecraft:zombie_villager":4,"minecraft:creeper":8,"minecraft:zombie":129,"born_in_chaos_v1:dread_hound":16,"born_in_chaos_v1:corpse_fly":21,"minecraft:stray":12,"minecraft:glow_squid":1,"born_in_chaos_v1:door_knight":4,"born_in_chaos_v1:siamese_skeletonsleft":1,"minecraft:cow":1,"minecraft:vex":4,"born_in_chaos_v1:missioner":1,"born_in_chaos_v1:zombie_bruiser":3,"minecraft:phantom":1,"born_in_chaos_v1:maggot":57,"born_in_chaos_v1:dire_hound_leader":2,"minecraft:drowned":5,"born_in_chaos_v1:corpse_fish":21,"born_in_chaos_v1:barrel_zombie":1,"born_in_chaos_v1:spiritof_chaos":3,"born_in_chaos_v1:bone_imp_minion":1,"born_in_chaos_v1:baby_skeleton":2,"born_in_chaos_v1:swarmer":2,"minecraft:bat":4,"born_in_chaos_v1:decrepit_skeleton":21,"born_in_chaos_v1:bloody_gadfly":1,"born_in_chaos_v1:dark_vortex":1,"born_in_chaos_v1:nightmare_stalker":3,"minecraft:enderman":5},"minecraft:custom":{"minecraft:interact_with_crafting_table":33,"minecraft:open_barrel":15,"minecraft:leave_game":3,"minecraft:time_since_death":47852,"minecraft:damage_resisted":99,"minecraft:sprint_one_cm":1066265,"minecraft:drop":141,"minecraft:play_time":438047,"minecraft:deaths":11,"minecraft:interact_with_brewingstand":4,"minecraft:jump":4901,"minecraft:walk_on_water_one_cm":175598,"minecraft:interact_with_furnace":28,"minecraft:damage_dealt":104125,"minecraft:player_kills":2,"minecraft:crouch_one_cm":23189,"minecraft:interact_with_smoker":41,"minecraft:interact_with_smithing_table":5,"minecraft:interact_with_anvil":1,"minecraft:mob_kills":467,"minecraft:interact_with_campfire":3,"minecraft:damage_dealt_resisted":5443,"minecraft:climb_one_cm":1024,"minecraft:walk_one_cm":1213725,"minecraft:sneak_time":12032,"minecraft:walk_under_water_one_cm":155688,"minecraft:interact_with_blast_furnace":28,"minecraft:total_world_time":438047,"minecraft:time_since_rest":47903,"minecraft:damage_taken":13083,"minecraft:damage_absorbed":236,"minecraft:swim_one_cm":233548,"minecraft:fly_one_cm":632705,"minecraft:open_chest":337,"minecraft:fish_caught":9,"minecraft:fall_one_cm":75866},"minecraft:picked_up":{"irons_spellbooks:scroll":2,"minecraft:lead":6,"minecraft:potion":1,"minecraft:brewing_stand":1,"irons_spellbooks:cast_time_ring":1,"minecraft:string":197,"minecraft:raw_copper":117,"minecraft:cooked_salmon":2,"minecraft:smooth_stone_slab":5,"magistuarmory:iron_katzbalger":4,"minecraft:iron_leggings":3,"epicpaladins:bloodstone_gem":6,"minecraft:pufferfish":4,"minecraft:cobbled_deepslate":67,"born_in_chaos_v1:charmof_power":3,"rpgsmw:rawmiphrilignot":11,"minecraft:azalea":2,"minecraft:iron_pickaxe":18,"born_in_chaos_v1:stimulating_decoction":1,"minecraft:furnace":1,"minecraft:tipped_arrow":17,"minecraft:golden_helmet":1,"minecraft:stick":42,"born_in_chaos_v1:shattered_skull":2,"epicpaladins:arclight_gem":8,"minecraft:big_dripleaf":5,"minecraft:torch":140,"paraglider:kakariko_goddess_statue":1,"minecraft:porkchop":5,"minecraft:cherry_log":5,"minecraft:diorite":18,"born_in_chaos_v1:nightmare_claw":2,"minecraft:golden_chestplate":2,"magistuarmory:iron_shortsword":7,"minecraft:stone_sword":9,"born_in_chaos_v1:fried_maggot":1,"epicpaladins:cryorium_gem":20,"minecraft:rotten_flesh":381,"minecraft:iron_block":2,"immersive_melodies:flute":9,"minecraft:cod":6,"irons_spellbooks:copper_spell_book":2,"minecraft:cobblestone":324,"paraglider:paraglider":1,"minecraft:birch_log":5,"minecraft:leather_chestplate":1,"minecraft:cherry_planks":3,"born_in_chaos_v1:sharpened_dark_metal_sword":2,"minecraft:water_bucket":4,"minecraft:andesite":30,"minecraft:jungle_log":6,"minecraft:potato":16,"paraglider:spirit_orb":70,"minecraft:tuff":3,"skilltree:gem":163,"minecraft:lapis_lazuli":91,"minecraft:dirt":64,"born_in_chaos_v1:monster_skin":18,"minecraft:bone":281,"minecraft:bow":8,"minecraft:raw_gold":49,"rpgsmw:iron_battle_axe":1,"minecraft:mossy_stone_bricks":2,"minecraft:moss_block":6,"minecraft:oak_planks":276,"irons_spellbooks:frozen_bone":131,"minecraft:cooked_porkchop":12,"minecraft:axolotl_bucket":7,"minecraft:poisonous_potato":1,"minecraft:sand":52,"minecraft:stripped_spruce_log":7,"minecraft:ink_sac":2,"minecraft:grass_block":1,"minecraft:dark_oak_log":16,"minecraft:barrel":11,"minecraft:clay":1,"minecraft:diamond":7,"minecraft:soul_lantern":1,"magistuarmory:corruptedroundshield":4,"minecraft:granite":1,"minecraft:bone_meal":4,"minecraft:emerald":33,"minecraft:bread":46,"minecraft:oak_sapling":3,"born_in_chaos_v1:rotten_fish":12,"minecraft:crafting_table":16,"minecraft:fishing_rod":4,"born_in_chaos_v1:diamond_termite_shard":2,"born_in_chaos_v1:smoked_monster_flesh":16,"minecraft:clay_ball":72,"born_in_chaos_v1:seedof_chaos":4,"minecraft:leather_leggings":1,"born_in_chaos_v1:charmof_resistance":3,"minecraft:brown_mushroom":14,"rpgsmw:steel_rifle":1,"minecraft:chain":13,"minecraft:moss_carpet":6,"minecraft:iron_axe":10,"born_in_chaos_v1:intoxicating_decoction":2,"born_in_chaos_v1:smoked_fish":2,"skilltree:golden_ring":8,"minecraft:beef":2,"born_in_chaos_v1:gnawed_bones":2,"minecraft:spruce_slab":1,"minecraft:chest":2,"antiquelegacy:weathered_eagle_standard":4,"minecraft:birch_sapling":3,"minecraft:phantom_membrane":3,"rpgsmw:biril":5,"minecraft:egg":1,"minecraft:dark_oak_sapling":5,"minecraft:raw_iron":288,"minecraft:sandstone":11,"minecraft:copper_ingot":1,"minecraft:redstone":100,"rpgsmw:iron_greatsword":7,"born_in_chaos_v1:pieceofdarkmetal":92,"minecraft:carrot":5,"minecraft:prismarine_crystals":3,"irons_spellbooks:alchemist_cauldron":37,"magistuarmory:steel_shortsword":7,"minecraft:arrow":264,"minecraft:cooked_cod":5,"magistuarmory:steel_ingot":6,"born_in_chaos_v1:wood_splitter_axe":1,"born_in_chaos_v1:trident_hayfork":1,"minecraft:glow_berries":11,"born_in_chaos_v1:fused_bone":3,"born_in_chaos_v1:corpse_maggot":141,"born_in_chaos_v1:monster_flesh":29,"minecraft:glow_ink_sac":2,"minecraft:salmon":2,"minecraft:leather":2,"minecraft:oak_log":22,"minecraft:gunpowder":41,"skilltree:scholar_necklace":13,"minecraft:cooked_mutton":90,"minecraft:apple":5,"born_in_chaos_v1:smoked_flesh":4,"minecraft:iron_ingot":72,"minecraft:stone_pickaxe":3,"born_in_chaos_v1:spiritual_sword":2,"minecraft:flowering_azalea":2,"minecraft:book":20,"minecraft:sweet_berries":12,"born_in_chaos_v1:ethereal_spirit":34,"born_in_chaos_v1:orbofthe_summoner":1,"born_in_chaos_v1:bone_heart":1,"minecraft:gravel":8,"born_in_chaos_v1:dark_rod":14,"born_in_chaos_v1:fangofthe_hound_leader":8,"minecraft:spider_eye":49,"minecraft:leather_helmet":1,"minecraft:slime_ball":1,"minecraft:stone_axe":1,"minecraft:baked_potato":71,"minecraft:melon_seeds":8,"minecraft:coal":170,"minecraft:wooden_axe":1,"minecraft:ender_pearl":4},"minecraft:dropped":{"minecraft:clay":1,"minecraft:porkchop":3,"minecraft:glow_ink_sac":2,"minecraft:glass_bottle":2,"minecraft:ender_pearl":1,"minecraft:diamond":1,"minecraft:crafting_table":1,"minecraft:glow_berries":1,"paraglider:spirit_orb":24,"minecraft:cod":6,"minecraft:emerald":68,"born_in_chaos_v1:monster_flesh":3,"minecraft:dirt":28,"born_in_chaos_v1:monster_skin":5,"born_in_chaos_v1:trident_hayfork":1,"irons_spellbooks:rotten_spell_book":1,"minecraft:phantom_membrane":1,"minecraft:axolotl_bucket":1,"minecraft:iron_pickaxe":2,"magistuarmory:corruptedroundshield":1,"paraglider:paraglider":1,"minecraft:fishing_rod":1,"rpgsmw:iron_battle_axe":1,"minecraft:bone":1,"minecraft:gravel":6,"skilltree:assassin_necklace":1,"minecraft:birch_sapling":3,"minecraft:wheat":15,"antiquelegacy:weathered_eagle_standard":1,"born_in_chaos_v1:ethereal_spirit":1,"minecraft:rotten_flesh":46,"minecraft:oak_planks":10,"minecraft:cooked_mutton":8,"minecraft:salmon":2,"minecraft:tipped_arrow":3,"minecraft:gunpowder":12,"rpgsmw:iron_greatsword":2,"born_in_chaos_v1:corpse_maggot":3,"born_in_chaos_v1:diamond_termite_shard":2,"immersive_melodies:didgeridoo":1,"minecraft:spruce_slab":1,"minecraft:arrow":84,"rpgsmw:steel_rifle":1,"irons_spellbooks:cast_time_ring":1,"minecraft:bread":10,"born_in_chaos_v1:intoxicating_decoction":1,"minecraft:stripped_spruce_log":6,"born_in_chaos_v1:wood_splitter_axe":1,"born_in_chaos_v1:shattered_skull":2,"minecraft:poisonous_potato":1,"minecraft:cobblestone":24,"minecraft:prismarine_crystals":3,"minecraft:apple":2,"minecraft:granite":1,"minecraft:copper_ingot":1,"minecraft:grass_block":1,"minecraft:pufferfish":3,"irons_spellbooks:scroll":2,"born_in_chaos_v1:gnawed_bones":1,"minecraft:diorite":15,"minecraft:wooden_axe":1,"skilltree:gem":8,"minecraft:iron_leggings":1,"irons_spellbooks:common_ink":1,"magistuarmory:iron_shortsword":1,"minecraft:string":1,"epicpaladins:arclight_gem":1,"minecraft:redstone":4,"minecraft:moss_carpet":3,"irons_spellbooks:alchemist_cauldron":37,"minecraft:stone_sword":3,"minecraft:raw_copper":8,"minecraft:tuff":2,"minecraft:raw_iron":59,"irons_spellbooks:uncommon_ink":1,"born_in_chaos_v1:rotten_fish":10,"minecraft:clay_ball":72,"skilltree:scholar_necklace":2,"magistuarmory:steel_shortsword":6,"minecraft:big_dripleaf":1,"minecraft:andesite":8,"minecraft:mossy_stone_bricks":2,"minecraft:spider_eye":9,"minecraft:sandstone":7,"minecraft:bow":3,"minecraft:wooden_pickaxe":1},"minecraft:used":{"minecraft:moss_block":6,"minecraft:moss_carpet":3,"minecraft:chest":3,"minecraft:carrot":8,"minecraft:tuff":1,"minecraft:axolotl_bucket":4,"minecraft:big_dripleaf":4,"born_in_chaos_v1:smoked_flesh":24,"born_in_chaos_v1:sharpened_dark_metal_sword":433,"born_in_chaos_v1:gnawed_bones":1,"minecraft:cooked_cod":5,"minecraft:oak_sapling":3,"minecraft:furnace":2,"minecraft:egg":1,"minecraft:potato":2,"magistuarmory:iron_shortsword":2,"minecraft:dark_oak_sapling":5,"minecraft:diorite":3,"minecraft:stone_pickaxe":387,"minecraft:wooden_pickaxe":18,"minecraft:sandstone":4,"minecraft:glow_berries":14,"born_in_chaos_v1:spiritual_sword":360,"minecraft:bread":24,"minecraft:barrier":1,"paraglider:kakariko_goddess_statue":2,"minecraft:deepslate":2,"born_in_chaos_v1:smoked_monster_flesh":4,"minecraft:soul_lantern":1,"minecraft:smithing_table":1,"minecraft:birch_log":2,"minecraft:bone_meal":4,"minecraft:experience_bottle":2,"minecraft:azalea":2,"minecraft:stone_sword":390,"born_in_chaos_v1:smoked_fish":4,"minecraft:cooked_salmon":2,"born_in_chaos_v1:fried_maggot":23,"minecraft:torch":269,"minecraft:brewing_stand":1,"minecraft:flowering_azalea":2,"minecraft:iron_axe":57,"rpgsmw:iron_greatsword":219,"minecraft:cobbled_deepslate":11,"minecraft:cooked_mutton":7,"minecraft:water_bucket":3,"magistuarmory:iron_katzbalger":249,"minecraft:baked_potato":69,"minecraft:cherry_planks":5,"born_in_chaos_v1:stimulating_decoction":1,"minecraft:crafting_table":4,"minecraft:apple":2,"minecraft:iron_pickaxe":671,"minecraft:stone_axe":25,"minecraft:fishing_rod":13,"minecraft:cobblestone":85,"minecraft:potion":1,"minecraft:cooked_porkchop":12,"minecraft:bucket":8,"born_in_chaos_v1:wood_splitter_axe":6},"minecraft:broken":{"minecraft:golden_helmet":1,"minecraft:iron_leggings":1,"minecraft:stone_pickaxe":3,"minecraft:golden_chestplate":2,"minecraft:leather_helmet":1,"minecraft:stone_sword":1,"minecraft:iron_pickaxe":2,"magistuarmory:iron_katzbalger":1}},"DataVersion":3465}