{"stats":{"minecraft:broken":{"irons_spellbooks:wandering_magician_helmet":1},"minecraft:used":{"minecraft:moss_block":1,"minecraft:moss_carpet":1,"minecraft:chest":8,"minecraft:carrot":2,"magistuarmoryaddon:steel_scythe":98,"minecraft:axolotl_bucket":1,"minecraft:stripped_spruce_log":4,"born_in_chaos_v1:smoked_flesh":61,"minecraft:potato":68,"magistuarmory:iron_shortsword":62,"minecraft:stone_pickaxe":45,"minecraft:clay":1,"minecraft:sugar_cane":5,"minecraft:golden_apple":3,"minecraft:sand":1,"irons_spellbooks:wandering_magician_leggings":1,"minecraft:bread":12,"minecraft:barrier":3,"minecraft:bone_meal":160,"minecraft:stone_sword":102,"minecraft:flint_and_steel":2,"minecraft:stone_shovel":74,"minecraft:spruce_planks":102,"born_in_chaos_v1:smoked_fish":2,"born_in_chaos_v1:fried_maggot":1,"minecraft:dirt":1,"minecraft:anvil":1,"minecraft:spruce_stairs":1,"minecraft:iron_hoe":2,"minecraft:wooden_axe":28,"minecraft:iron_axe":45,"minecraft:mud_bricks":1,"minecraft:cooked_beef":15,"minecraft:cobbled_deepslate":2,"minecraft:water_bucket":4,"minecraft:glass_bottle":2,"minecraft:crafting_table":2,"minecraft:campfire":1,"minecraft:smoker":2,"irons_spellbooks:alchemist_cauldron":5,"minecraft:diamond_pickaxe":111,"irons_spellbooks:scroll_forge":1,"minecraft:stone_axe":59,"minecraft:potion":5,"minecraft:cooked_porkchop":2,"minecraft:bucket":12,"irons_spellbooks:inscription_table":8},"minecraft:crafted":{"irons_spellbooks:wandering_magician_helmet":1,"beansbackpacks:metal_backpack":1,"minecraft:cooked_chicken":2,"magistuarmory:iron_shortsword":1,"minecraft:cooked_mutton":18,"magistuarmory:iron_katzbalger":1,"minecraft:chest":8,"minecraft:smoker":2,"irons_spellbooks:scroll":2,"minecraft:deepslate":8,"minecraft:wooden_shovel":1,"irons_spellbooks:copper_spell_book":1,"born_in_chaos_v1:smoked_fish":3,"minecraft:cooked_porkchop":15,"minecraft:crafting_table":2,"minecraft:spruce_planks":192,"minecraft:baked_potato":44,"minecraft:wooden_pickaxe":1,"immersive_melodies:lute":1,"minecraft:copper_ingot":30,"minecraft:campfire":1,"minecraft:dark_oak_slab":6,"minecraft:book":1,"minecraft:paper":24,"minecraft:diamond_pickaxe":1,"minecraft:stick":52,"minecraft:leather_chestplate":1,"born_in_chaos_v1:smoked_flesh":222,"minecraft:iron_ingot":85,"minecraft:iron_block":3,"minecraft:stone_sword":1,"magistuarmory:leather_strip":12,"minecraft:stone_shovel":1,"minecraft:leather_leggings":1,"minecraft:leather_boots":1,"irons_spellbooks:wandering_magician_leggings":1,"minecraft:furnace":2,"minecraft:bone_meal":156,"immersive_melodies:flute":1,"irons_spellbooks:graybeard_staff":1,"antiquelegacy:iron_sica":1,"born_in_chaos_v1:smoked_monster_flesh":17,"irons_spellbooks:scroll_forge":1,"magistuarmory:hilt":7,"minecraft:dark_oak_fence":3,"minecraft:leather":14,"minecraft:polished_deepslate":4,"born_in_chaos_v1:fried_maggot":1,"minecraft:iron_hoe":1,"magistuarmoryaddon:steel_scythe":1,"minecraft:stone_pickaxe":1,"minecraft:dark_oak_planks":1028,"minecraft:cooked_beef":15,"paraglider:paraglider":1,"minecraft:cooked_cod":24,"skilltree:bone_quiver":1,"irons_spellbooks:netherward_tincture":1,"minecraft:cooked_salmon":10,"minecraft:leather_helmet":1,"minecraft:bucket":3,"minecraft:stone_axe":1,"minecraft:bread":5,"minecraft:air":0,"irons_spellbooks:wandering_magician_chestplate":1,"minecraft:wooden_axe":1,"minecraft:anvil":1,"irons_spellbooks:inscription_table":1,"irons_spellbooks:wandering_magician_boots":1,"minecraft:clay":1},"minecraft:mined":{"minecraft:spruce_planks":2,"minecraft:mossy_stone_brick_slab":1,"minecraft:jungle_leaves":1,"minecraft:obsidian":6,"minecraft:grass_block":12,"minecraft:mud_bricks":1,"minecraft:composter":2,"minecraft:chiseled_stone_bricks":4,"minecraft:spawner":2,"minecraft:magma_block":2,"minecraft:iron_ore":23,"minecraft:fire":3,"minecraft:barrel":8,"minecraft:pumpkin":16,"minecraft:spruce_slab":1,"irons_spellbooks:alchemist_cauldron":4,"minecraft:clay":1,"minecraft:potted_warped_roots":1,"minecraft:chest":5,"minecraft:potted_oak_sapling":3,"minecraft:sugar_cane":35,"minecraft:seagrass":1,"minecraft:mud":50,"paraglider:kakariko_goddess_statue":1,"minecraft:grass":9,"minecraft:sand":11,"minecraft:dirt":1,"minecraft:netherrack":19,"minecraft:oak_leaves":5,"minecraft:deepslate":6,"minecraft:crying_obsidian":4,"minecraft:red_carpet":1,"minecraft:tuff":6,"rpgsmw:miphrildeepslateore":4,"minecraft:dark_oak_leaves":2,"minecraft:deepslate_diamond_ore":4,"minecraft:dark_oak_log":2,"minecraft:mangrove_roots":6,"minecraft:moss_block":1,"minecraft:mangrove_propagule":1,"minecraft:sandstone":1,"treechop:chopped_log":4,"minecraft:gold_block":2,"minecraft:potatoes":67,"minecraft:deepslate_iron_ore":2,"minecraft:vine":2,"minecraft:potted_spruce_sapling":2,"irons_spellbooks:firefly_jar":1,"irons_spellbooks:inscription_table":7,"minecraft:stone":4,"cardinal_sins:malevolichite_ore":10,"minecraft:stone_brick_slab":1,"minecraft:dandelion":1,"minecraft:crafting_table":1,"minecraft:tall_grass":1,"minecraft:deepslate_coal_ore":3,"minecraft:lapis_ore":4,"minecraft:diorite":1,"minecraft:blue_bed":1,"minecraft:spruce_stairs":1,"rpgsmw:mineral_ore":1,"minecraft:mangrove_leaves":2,"minecraft:coal_ore":6,"minecraft:cobweb":5,"minecraft:cracked_stone_bricks":13,"minecraft:stone_bricks":14},"minecraft:killed":{"minecraft:witch":1,"born_in_chaos_v1:restless_spirit":2,"born_in_chaos_v1:zombie_lumberjack":2,"minecraft:spider":3,"born_in_chaos_v1:baby_skeleton_minion":2,"minecraft:skeleton":7,"minecraft:chicken":2,"born_in_chaos_v1:supreme_bonescaller_stage_2":1,"minecraft:pig":5,"born_in_chaos_v1:bonescaller":1,"minecraft:creeper":3,"minecraft:sheep":11,"born_in_chaos_v1:zombie_fisherman":2,"minecraft:zombie":22,"born_in_chaos_v1:dread_hound":1,"born_in_chaos_v1:corpse_fly":25,"minecraft:stray":9,"born_in_chaos_v1:door_knight":1,"minecraft:cow":11,"minecraft:vex":4,"born_in_chaos_v1:missioner":1,"born_in_chaos_v1:zombie_bruiser":2,"born_in_chaos_v1:maggot":24,"minecraft:phantom":2,"minecraft:horse":1,"born_in_chaos_v1:barrel_zombie":1,"born_in_chaos_v1:bone_imp_minion":3,"born_in_chaos_v1:baby_skeleton":1,"born_in_chaos_v1:swarmer":3,"born_in_chaos_v1:spirit_guide_assistant":1,"minecraft:bat":3,"born_in_chaos_v1:decrepit_skeleton":4,"born_in_chaos_v1:bloody_gadfly":1,"born_in_chaos_v1:dark_vortex":1},"minecraft:picked_up":{"minecraft:wooden_axe":1,"irons_spellbooks:scroll":3,"minecraft:wheat":15,"irons_spellbooks:rotten_spell_book":6,"minecraft:flower_pot":6,"irons_spellbooks:wandering_magician_leggings":4,"minecraft:lead":3,"minecraft:potion":2,"irons_spellbooks:cast_time_ring":6,"minecraft:string":13,"minecraft:raw_copper":8,"irons_spellbooks:graybeard_staff":1,"minecraft:cooked_salmon":2,"minecraft:pufferfish":5,"irons_spellbooks:arcane_essence":59,"minecraft:cobbled_deepslate":13,"minecraft:bucket":2,"minecraft:spruce_planks":80,"rpgsmw:rawmiphrilignot":12,"irons_spellbooks:wandering_magician_chestplate":4,"minecraft:iron_pickaxe":1,"irons_spellbooks:inscription_table":10,"minecraft:mangrove_log":4,"minecraft:tipped_arrow":4,"minecraft:stick":119,"born_in_chaos_v1:shattered_skull":1,"irons_spellbooks:wandering_magician_boots":4,"minecraft:composter":2,"minecraft:spruce_stairs":1,"paraglider:kakariko_goddess_statue":2,"minecraft:porkchop":15,"minecraft:diorite":16,"born_in_chaos_v1:nightmare_claw":1,"minecraft:golden_chestplate":1,"minecraft:stone_sword":6,"minecraft:rotten_flesh":100,"rpgsmw:iron_rifle":1,"minecraft:mangrove_roots":12,"immersive_melodies:flute":1,"minecraft:obsidian":6,"minecraft:cod":5,"irons_spellbooks:copper_spell_book":2,"minecraft:cobblestone":29,"paraglider:paraglider":5,"minecraft:leather_chestplate":1,"minecraft:barrier":1,"minecraft:feather":3,"minecraft:cooked_beef":7,"born_in_chaos_v1:spiritual_dust":11,"minecraft:jungle_log":2,"minecraft:brown_wool":1,"minecraft:potato":250,"paraglider:spirit_orb":14,"minecraft:tuff":18,"skilltree:gem":6,"minecraft:lapis_lazuli":24,"minecraft:dirt":17,"born_in_chaos_v1:monster_skin":3,"minecraft:bone":153,"minecraft:bow":3,"cardinal_sins:malevolichite":60,"minecraft:wheat_seeds":58,"minecraft:moss_block":9,"irons_spellbooks:frozen_bone":19,"minecraft:cooked_porkchop":3,"minecraft:axolotl_bucket":2,"minecraft:poisonous_potato":4,"minecraft:sand":11,"minecraft:stripped_spruce_log":4,"minecraft:dark_oak_log":450,"minecraft:barrel":5,"born_in_chaos_v1:fire_dust":2,"minecraft:diamond":5,"magistuarmory:corruptedroundshield":2,"minecraft:emerald":81,"minecraft:bread":74,"minecraft:oak_sapling":56,"born_in_chaos_v1:rotten_fish":14,"minecraft:netherrack":5,"irons_spellbooks:uncommon_ink":3,"minecraft:diamond_pickaxe":5,"minecraft:mud":98,"minecraft:crafting_table":1,"born_in_chaos_v1:charmof_resistance":2,"magistuarmoryaddon:steel_scythe":7,"born_in_chaos_v1:smoked_monster_flesh":2,"minecraft:chicken":2,"minecraft:clay_ball":20,"born_in_chaos_v1:seedof_chaos":8,"minecraft:leather_leggings":1,"minecraft:wooden_pickaxe":2,"minecraft:gold_block":4,"minecraft:moss_carpet":3,"minecraft:iron_axe":5,"minecraft:flint_and_steel":2,"skilltree:assassin_necklace":6,"born_in_chaos_v1:smoked_fish":1,"minecraft:cracked_stone_bricks":26,"minecraft:beef":19,"born_in_chaos_v1:gnawed_bones":1,"minecraft:iron_nugget":12,"minecraft:chest":5,"minecraft:spruce_slab":1,"minecraft:sugar_cane":75,"antiquelegacy:weathered_eagle_standard":1,"minecraft:phantom_membrane":2,"minecraft:egg":2,"minecraft:dark_oak_sapling":10,"minecraft:raw_iron":89,"minecraft:sandstone":1,"minecraft:copper_ingot":24,"born_in_chaos_v1:pieceofdarkmetal":5,"minecraft:carrot":37,"irons_spellbooks:alchemist_cauldron":6,"minecraft:dark_oak_planks":60,"minecraft:cooked_cod":5,"minecraft:stone_shovel":7,"minecraft:arrow":79,"magistuarmory:steel_ingot":39,"rpgsmw:pinarium":1,"minecraft:glistering_melon_slice":11,"minecraft:saddle":4,"irons_spellbooks:wandering_magician_helmet":3,"minecraft:gold_ingot":10,"minecraft:glow_berries":1,"minecraft:mutton":22,"minecraft:white_wool":7,"born_in_chaos_v1:corpse_maggot":46,"minecraft:mud_bricks":1,"born_in_chaos_v1:monster_flesh":5,"minecraft:glow_ink_sac":1,"minecraft:salmon":4,"minecraft:leather":36,"rpgsmw:bullet":16,"minecraft:gunpowder":16,"minecraft:blue_bed":5,"irons_spellbooks:common_ink":3,"minecraft:red_carpet":1,"minecraft:apple":14,"irons_spellbooks:blood_vial":4,"born_in_chaos_v1:smoked_flesh":173,"minecraft:iron_ingot":6,"minecraft:stone_pickaxe":2,"minecraft:glass_bottle":64,"minecraft:pumpkin":20,"minecraft:sweet_berries":4,"born_in_chaos_v1:lifestealer_bone":4,"born_in_chaos_v1:ethereal_spirit":5,"minecraft:dandelion":3,"born_in_chaos_v1:dark_rod":2,"minecraft:spruce_sapling":2,"minecraft:spruce_log":288,"minecraft:crying_obsidian":10,"minecraft:spider_eye":3,"minecraft:leather_helmet":1,"minecraft:pumpkin_seeds":43,"minecraft:slime_ball":2,"minecraft:stone_axe":4,"irons_spellbooks:netherward_tincture":1,"minecraft:gray_wool":2,"minecraft:warped_roots":1,"minecraft:black_wool":1,"minecraft:mangrove_propagule":4,"minecraft:coal":9,"minecraft:ender_pearl":1},"minecraft:custom":{"minecraft:interact_with_crafting_table":46,"minecraft:open_barrel":5,"minecraft:leave_game":9,"minecraft:time_since_death":7103,"minecraft:sprint_one_cm":649028,"minecraft:drop":56,"minecraft:play_time":438408,"minecraft:deaths":7,"minecraft:jump":2982,"minecraft:interact_with_brewingstand":3,"minecraft:walk_on_water_one_cm":33348,"minecraft:interact_with_furnace":32,"minecraft:traded_with_villager":3,"minecraft:sleep_in_bed":3,"minecraft:damage_dealt":16652,"minecraft:player_kills":1,"minecraft:crouch_one_cm":19668,"minecraft:interact_with_smoker":76,"minecraft:horse_one_cm":2792978,"minecraft:interact_with_anvil":1,"minecraft:mob_kills":165,"minecraft:interact_with_campfire":2,"minecraft:damage_dealt_resisted":3526,"minecraft:climb_one_cm":1727,"minecraft:walk_one_cm":590843,"minecraft:sneak_time":7215,"minecraft:walk_under_water_one_cm":13371,"minecraft:interact_with_blast_furnace":7,"minecraft:total_world_time":438408,"minecraft:time_since_rest":7131,"minecraft:damage_taken":5805,"minecraft:damage_absorbed":120,"minecraft:swim_one_cm":47082,"minecraft:fly_one_cm":570256,"minecraft:open_chest":390,"minecraft:fall_one_cm":60687},"minecraft:dropped":{"minecraft:baked_potato":11,"minecraft:cooked_porkchop":14,"minecraft:leather_helmet":1,"paraglider:spirit_orb":2,"minecraft:gold_block":1,"minecraft:dark_oak_log":15,"minecraft:cooked_cod":5,"minecraft:axolotl_bucket":1,"minecraft:iron_pickaxe":1,"magistuarmory:corruptedroundshield":2,"minecraft:gold_ingot":10,"minecraft:bone":110,"minecraft:golden_chestplate":2,"born_in_chaos_v1:smoked_fish":1,"antiquelegacy:weathered_eagle_standard":1,"immersive_melodies:flute":1,"minecraft:rotten_flesh":2,"born_in_chaos_v1:smoked_flesh":62,"magistuarmory:iron_katzbalger":1,"minecraft:leather_chestplate":1,"minecraft:tipped_arrow":3,"paraglider:kakariko_goddess_statue":1,"minecraft:leather_leggings":1,"minecraft:spruce_slab":1,"minecraft:arrow":40,"skilltree:bone_quiver":1,"minecraft:bread":3,"minecraft:wheat_seeds":4,"cardinal_sins:malevolichite":20,"minecraft:barrier":1,"magistuarmoryaddon:steel_scythe":3,"minecraft:stick":4,"irons_spellbooks:scroll":2,"minecraft:cooked_salmon":2,"minecraft:potion":2,"magistuarmory:iron_shortsword":1,"minecraft:string":2,"irons_spellbooks:frozen_bone":12,"minecraft:stone_sword":1,"born_in_chaos_v1:smoked_monster_flesh":2,"minecraft:spider_eye":1,"born_in_chaos_v1:charmof_resistance":1},"minecraft:killed_by":{"born_in_chaos_v1:nightmare_stalker":1,"born_in_chaos_v1:firelight_not_despawn":1,"born_in_chaos_v1:lifestealer_true_form":1,"minecraft:player":2,"minecraft:skeleton":1,"born_in_chaos_v1:dread_hound":1}},"DataVersion":3465}